Path,Pitch,RMSE,PercentSilence,FrequencyMagnitude
E:/CHTPT_code_me/static/Boat/Boat1.wav,"[49.85324, 46.32724, 46.06067, 47.307735, 46.383163, 45.472095, 45.619255]","[43500.330488669664, 9.360053179331036, 10.646027731681464, 9.635845742776015, 9.718630005261817, 9.186747831492019, 11.7512300654891]","[53.900226757369616, 46.585034013605444, 50.131519274376416, 53.59183673469388, 53.532879818594104, 49.342403628117914, 49.332659513813304]","[(828, 3362.0677853437746), (40943, 65.9046834979433), (44164, 45.57491689156132), (86655, 30.720231261659595), (110186, 45.57491689156134), (113407, 65.90468349794331), (153522, 3362.067785343774)]"
E:/CHTPT_code_me/static/Boat/Boat10.wav,"[46.81118, 44.734573, 45.494328, 45.338787, 45.360966, 45.99368, 45.423622]","[13.17146954581488, 12.120836600661278, 11.323000790573479, 9.69616324152975, 9.32820928606989, 9.293517846769342, 10.425525656457813]","[48.98866213151928, 46.25850340136054, 46.557823129251695, 46.68480725623583, 49.17006802721089, 49.00680272108844, 46.25511843673872]","[(810, 2659.700861297787), (24702, 67.96717224749118), (44133, 40.02298856069459), (66405, 28.003028985404242), (110217, 40.022988560694564), (129648, 67.96717224749119), (153540, 2659.700861297787)]"
E:/CHTPT_code_me/static/Boat/Boat11.wav,"[46.722633, 46.64468, 44.45349, 44.955715, 45.702324, 45.597046, 46.043114]","[11.397390417364795, 10.450476117520815, 9.16584978501002, 9.176657210281562, 9.34865302184508, 10.138172097504139, 7.773727707431784]","[46.439909297052154, 49.46938775510205, 46.33560090702949, 47.42857142857143, 47.24263038548753, 46.78458049886621, 48.00640128544031]","[(816, 2788.913559344563), (25714, 73.35333934959117), (44424, 39.85058660655312), (66382, 21.707872713877002), (109926, 39.85058660655312), (128636, 73.35333934959115), (153534, 2788.913559344563)]"
E:/CHTPT_code_me/static/Boat/Boat12.wav,"[45.850906, 45.01126, 44.27329, 44.519833, 45.900322, 44.435123, 43.9968]","[9.45236419522485, 9.483711653766001, 10.99791066676733, 8.43318052835197, 10.504134741633953, 10.97178169348765, 9.427366385075619]","[49.419501133786845, 52.621315192743765, 49.73696145124716, 46.653061224489804, 51.1609977324263, 48.38095238095238, 52.47823044627585]","[(817, 3446.683459612976), (25476, 63.65251109956436), (44574, 42.611925893461994), (67034, 26.35958259706006), (109776, 42.611925893461994), (128874, 63.6525110995644), (153533, 3446.683459612976)]"
E:/CHTPT_code_me/static/Boat/Boat13.wav,"[43.47707, 45.7243, 43.904766, 45.595703, 43.79397, 43.138126, 43.757687]","[10.600707295545659, 10.352418341097378, 10.3944150026932, 10.670711073492255, 10.46404620408014, 9.1411945166155, 12.765287477079601]","[46.59410430839003, 50.91156462585034, 44.98412698412698, 43.13378684807256, 42.43990929705216, 45.750566893424036, 45.78798009640802]","[(815, 3038.64222033119), (24130, 55.1880768422542), (45455, 43.1744773231941), (87363, 24.20850989747879), (108895, 43.17447732319406), (130220, 55.1880768422542), (153535, 3038.6422203311904)]"
E:/CHTPT_code_me/static/Boat/Boat14.wav,"[44.89192, 46.26636, 45.917587, 46.06674, 42.827496, 45.79976, 42.46956]","[11.464196102027673, 10.366143017918581, 11.602964377061653, 10.229687632194587, 12.363989636027586, 9.889847828474428, 11.988754605963116]","[50.59410430839002, 51.27891156462585, 53.4421768707483, 51.70068027210885, 51.002267573696145, 48.725623582766445, 47.40838646141088]","[(817, 3174.8272138426714), (22795, 54.81926414200322), (44867, 35.68366481806651), (69151, 21.680128813314475), (109483, 35.68366481806649), (131555, 54.81926414200324), (153533, 3174.8272138426714)]"
E:/CHTPT_code_me/static/Boat/Boat15.wav,"[45.532486, 44.463516, 46.137863, 44.66905, 44.042503, 45.49793, 44.162357]","[10.07586120051497, 9.440485564049421, 9.907710149751178, 10.491773481408018, 9.487760025409184, 9.061331504822842, 11.243328308531394]","[52.11791383219955, 41.50566893424036, 49.34693877551021, 47.51020408163266, 46.2766439909297, 47.75056689342404, 45.44653501269891]","[(817, 4637.497968363351), (23223, 63.907915088621145), (44874, 41.04904680304627), (87023, 23.06083152368376), (109476, 41.04904680304629), (131127, 63.907915088621145), (153533, 4637.497968363351)]"
E:/CHTPT_code_me/static/Boat/Boat2.wav,"[46.14537, 46.70548, 46.524822, 45.96888, 45.995274, 46.16213, 44.199085]","[10.526255656813467, 9.876995582488322, 10.164834227699819, 9.017827159204032, 9.85332596437296, 10.903653831476168, 10.093804472957604]","[51.31972789115646, 46.480725623582764, 47.827664399092974, 48.770975056689345, 52.45351473922902, 55.609977324263035, 50.94982636189292]","[(824, 3755.134897902572), (25236, 75.76778962782863), (47718, 48.36765047468057), (67220, 36.27568311835179), (106632, 48.36765047468058), (129114, 75.76778962782863), (153526, 3755.134897902572)]"
E:/CHTPT_code_me/static/Boat/Boat3.wav,"[44.412678, 43.958622, 45.678352, 46.669468, 46.19187, 46.416203, 46.125244]","[9.613868713292272, 9.34794883332437, 10.765086097775825, 13.087634515250102, 11.715620343706437, 10.78751039347567, 11.31937439065604]","[53.945578231292515, 53.24716553287982, 48.739229024943306, 52.74829931972789, 51.50566893424036, 48.997732426303855, 50.84940133727259]","[(827, 3621.898600855289), (23911, 65.60703458760347), (51070, 44.30991813473034), (66446, 33.585815753603384), (103280, 44.309918134730324), (130439, 65.60703458760342), (153523, 3621.8986008552897)]"
E:/CHTPT_code_me/static/Boat/Boat4.wav,"[47.71199, 46.66292, 45.78745, 45.711155, 45.809986, 45.593822, 46.504345]","[11.72071797610802, 11.66242676831427, 12.753464272689252, 10.165211345468249, 11.386083607517538, 10.498977558399062, 10.920507556736647]","[52.63492063492063, 52.22675736961451, 46.167800453514744, 48.662131519274375, 47.88662131519275, 51.25170068027211, 50.270823614782564]","[(824, 3637.6633032223854), (30112, 61.20034488478592), (52298, 37.230199956072376), (68722, 27.771559018695175), (102052, 37.230199956072376), (124238, 61.20034488478593), (153526, 3637.663303222386)]"
E:/CHTPT_code_me/static/Boat/Boat5.wav,"[44.619476, 45.70197, 44.752617, 45.56501, 45.9842, 46.398514, 46.173508]","[10.348326058755088, 9.891892624797212, 10.83685718386689, 10.715983424978774, 8.772429063295325, 10.217247200974574, 9.690545246537242]","[49.73696145124716, 47.13832199546485, 52.1859410430839, 44.03174603174603, 42.848072562358276, 49.70068027210884, 46.117762919193495]","[(819, 3156.918824669224), (30921, 61.48240278453176), (44418, 41.502114244054745), (88082, 26.77591906377266), (109932, 41.502114244054745), (123429, 61.48240278453176), (153531, 3156.9188246692233)]"
E:/CHTPT_code_me/static/Boat/Boat6.wav,"[46.857838, 45.731297, 46.698627, 46.21645, 46.496883, 45.422386, 45.406487]","[9.676955328888102, 9.543119506755223, 9.829242696009931, 10.342316154301876, 11.32105587582503, 8.557143098109268, 10.34334365699795]","[46.82993197278912, 52.140589569161, 50.04081632653061, 51.58276643990929, 54.662131519274375, 46.61678004535147, 52.43546882288913]","[(815, 4577.018761585214), (22278, 55.326360247331266), (51622, 39.557024326679525), (87988, 30.12488178458811), (102728, 39.55702432667952), (132072, 55.32636024733126), (153535, 4577.018761585214)]"
E:/CHTPT_code_me/static/Boat/Boat7.wav,"[45.236107, 46.74736, 45.583027, 45.996773, 45.748226, 46.947247, 44.473198]","[13.084318396786964, 10.094493487295473, 10.724318663900098, 10.469238233054057, 8.487227979570715, 8.36121322298866, 9.997939768557748]","[44.61224489795919, 49.6734693877551, 44.85714285714286, 47.188208616780045, 44.235827664399096, 48.86621315192744, 46.65033950137355]","[(819, 3588.3531628092005), (36946, 58.76795914942681), (44116, 46.99379744315057), (67315, 21.933989660698956), (110234, 46.99379744315058), (117404, 58.76795914942681), (153531, 3588.3531628092005)]"
E:/CHTPT_code_me/static/Boat/Boat8.wav,"[47.238136, 46.502728, 43.359882, 44.87392, 45.66236, 44.87751, 45.386597]","[10.107420352666617, 9.475766938357125, 8.794585639649691, 8.686090915303101, 8.357051610974374, 7.789601628125335, 10.187718910934304]","[42.86167800453514, 50.11791383219955, 48.97959183673469, 44.92063492063492, 49.47392290249433, 46.94331065759637, 45.856657855180636]","[(819, 4972.315682549714), (25885, 61.53759735800476), (44502, 49.20252178481729), (66978, 31.056237302765453), (109848, 49.20252178481727), (128465, 61.53759735800475), (153531, 4972.315682549714)]"
E:/CHTPT_code_me/static/Boat/Boat9.wav,"[46.5532, 45.94111, 45.124454, 43.832596, 45.664894, 45.135635, 44.26911]","[10.422300828924012, 10.117216219770766, 9.495147559417612, 10.070775677117386, 9.90532312730682, 10.198825924280321, 10.410578555560537]","[46.25396825396826, 43.68253968253968, 44.018140589569164, 47.2108843537415, 48.94784580498867, 47.29705215419501, 45.56445342870471]","[(820, 2570.1626282520383), (32189, 61.987742938774296), (44468, 45.08362869498019), (87468, 26.15674719190368), (109882, 45.08362869498021), (122161, 61.98774293877429), (153530, 2570.1626282520388)]"
E:/CHTPT_code_me/static/Car/Car1.wav,"[42.996387, 39.8238, 36.711555, 40.247414, 39.13386, 41.213154, 40.427456]","[16.021816206143, 18.588932008216425, 18.81688589429749, 20.22171438757574, 21.055791442215973, 19.363140407949686, 21.066081949642726]","[54.843537414965986, 57.78231292517007, 57.10657596371882, 56.21768707482993, 58.54421768707483, 57.21995464852608, 57.47356554190639]","[(614, 2424.9123223513006), (25072, 22.482958639636824), (44227, 11.680470990499225), (71548, 7.744866100538813), (110123, 11.680470990499204), (129278, 22.482958639636824), (153736, 2424.9123223513006)]"
E:/CHTPT_code_me/static/Car/Car10.wav,"[38.753155, 38.24562, 40.49432, 39.252457, 40.676212, 39.865837, 40.512283]","[15.505935976195127, 24.742293364501425, 19.8438005394391, 23.394581648920262, 20.64872505531336, 21.692300867289305, 18.81220646623877]","[58.621315192743765, 53.374149659863946, 55.09750566893424, 56.22675736961451, 59.36507936507937, 57.02947845804989, 56.90017104649355]","[(655, 2256.1470870617136), (27076, 20.349034487972112), (50614, 9.447485167163679), (87388, 10.551697926763586), (103736, 9.447485167163679), (127274, 20.3490344879721), (153695, 2256.1470870617136)]"
E:/CHTPT_code_me/static/Car/Car11.wav,"[40.539597, 40.36561, 39.671734, 40.62498, 38.628563, 38.779694, 39.416046]","[22.118575845000354, 20.47522414830469, 19.1307077311822, 18.84032899480579, 18.31210887813497, 19.425195783731482, 17.911507644956664]","[56.22675736961451, 59.36507936507937, 57.02947845804989, 54.25396825396825, 55.492063492063494, 55.941043083900226, 56.63129114186493]","[(653, 2827.680591912532), (23658, 23.437337050910603), (45341, 9.639252848553483), (86805, 8.826662334963373), (109009, 9.639252848553504), (130692, 23.43733705091063), (153697, 2827.6805919125327)]"
E:/CHTPT_code_me/static/Car/Car12.wav,"[41.153225, 38.99142, 39.22089, 39.120434, 38.622284, 38.599514, 39.11887]","[17.454370856285095, 18.74104138419387, 18.475990908475417, 17.607037857219222, 14.287778388132297, 21.203364338725805, 17.849868885795807]","[54.25396825396825, 55.492063492063494, 55.941043083900226, 55.82766439909297, 57.564625850340136, 54.7936507936508, 55.91406209506039]","[(360, 2678.749559983326), (23681, 21.64786775301897), (44250, 10.772849552136842), (86857, 8.325903770408289), (110100, 10.77284955213686), (130669, 21.647867753018986), (153990, 2678.7495599833255)]"
E:/CHTPT_code_me/static/Car/Car13.wav,"[40.02837, 38.55191, 38.94971, 39.121597, 40.35837, 39.913425, 38.522957]","[19.12342845245676, 16.410830554308458, 20.767009324793303, 16.66352610724668, 18.169365665831027, 19.365045650019532, 17.550900784720266]","[55.82766439909297, 57.564625850340136, 54.7936507936508, 57.95011337868481, 54.89342403628118, 55.96371882086168, 55.3853729331882]","[(359, 2521.7558826554214), (27016, 22.431732546639875), (44744, 9.65016152701951), (67430, 8.238599082664297), (109606, 9.650161527019538), (127334, 22.43173254663985), (153991, 2521.7558826554214)]"
E:/CHTPT_code_me/static/Car/Car14.wav,"[40.94487, 40.330616, 39.27986, 38.460255, 38.694115, 38.122093, 40.919273]","[19.15122867496901, 16.27016015949526, 21.159896251213336, 18.899177442238265, 15.508795966438594, 16.717447125397268, 17.351824827935722]","[57.95011337868481, 54.89342403628118, 55.96371882086168, 54.6031746031746, 53.043083900226755, 55.868480725623584, 55.24801741564298]","[(359, 2321.0435437578203), (27096, 27.051667014785476), (44229, 12.239040968083467), (85595, 8.317927578809837), (110121, 12.239040968083462), (127254, 27.051667014785476), (153991, 2321.0435437578203)]"
E:/CHTPT_code_me/static/Car/Car15.wav,"[41.251266, 38.99435, 37.97787, 41.318188, 39.07386, 39.5834, 37.97623]","[22.313763816342796, 18.91601966649649, 17.24185993163181, 18.352369597691688, 16.726593367223227, 17.982878503278783, 16.822466837973998]","[54.6031746031746, 53.043083900226755, 55.868480725623584, 55.38775510204081, 54.707482993197274, 55.93650793650794, 53.929534027885765]","[(354, 2471.335523297432), (27096, 26.161318563976383), (50867, 10.320477820052574), (71091, 8.528861515656823), (103483, 10.320477820052593), (127254, 26.161318563976405), (153996, 2471.335523297432)]"
E:/CHTPT_code_me/static/Car/Car2.wav,"[41.413258, 39.250725, 41.354744, 40.50524, 40.19536, 36.8472, 39.72593]","[22.383901617641367, 22.0069885632949, 18.945763275128446, 22.904279732721903, 23.68583195354967, 16.399746435317432, 19.18508458793873]","[56.21768707482993, 58.54421768707483, 57.21995464852608, 58.37641723356009, 53.678004535147394, 54.00453514739229, 56.037811641528016]","[(588, 2138.5297501146947), (27107, 25.556655576108785), (44317, 10.626614459557915), (71039, 7.664930326410688), (110033, 10.626614459557887), (127243, 25.55665557610877), (153762, 2138.5297501146947)]"
E:/CHTPT_code_me/static/Car/Car3.wav,"[41.268032, 39.206596, 37.320965, 39.715424, 39.047276, 38.926945, 36.617146]","[26.48217882257128, 22.115714501013002, 15.744552882166492, 19.993876621481917, 24.313734350116214, 21.913546717093727, 20.17416135959571]","[58.37641723356009, 53.678004535147394, 54.00453514739229, 57.98185941043084, 55.65079365079365, 56.25396825396825, 56.055952936298134]","[(612, 2054.3500942825235), (27121, 23.035924568587294), (50862, 11.756598218552968), (87697, 7.576812993935082), (103488, 11.75659821855296), (127229, 23.035924568587294), (153738, 2054.350094282524)]"
E:/CHTPT_code_me/static/Car/Car4.wav,"[41.05176, 39.43725, 38.992992, 36.758724, 39.689804, 38.975704, 40.157604]","[19.514922277330484, 23.2036256320065, 19.899764659238002, 20.987128302277554, 25.409611011855304, 21.682912200811273, 21.64321802778258]","[57.98185941043084, 55.65079365079365, 56.25396825396825, 52.539682539682545, 56.68934240362812, 58.33106575963719, 55.93544290675375]","[(633, 2140.480573763021), (27053, 23.41483349911153), (50861, 13.759802955986233), (67916, 8.034697719357201), (103489, 13.75980295598623), (127297, 23.41483349911152), (153717, 2140.480573763021)]"
E:/CHTPT_code_me/static/Car/Car5.wav,"[38.87502, 40.127365, 38.997562, 39.121655, 40.112423, 41.190536, 40.443504]","[24.64503884737835, 23.741437746710808, 25.73775630250263, 19.230303917789744, 17.037192089039657, 15.767370359528632, 18.419554674099864]","[52.539682539682545, 56.68934240362812, 58.33106575963719, 57.46485260770975, 57.6734693877551, 57.147392290249435, 55.560306847042966]","[(352, 2364.1857507160566), (26993, 29.899342611777925), (50911, 11.931313791931403), (83800, 7.619308106381538), (103439, 11.931313791931402), (127357, 29.899342611777932), (153998, 2364.185750716056)]"
E:/CHTPT_code_me/static/Car/Car6.wav,"[41.56708, 40.190304, 41.283665, 40.503628, 39.033695, 37.315166, 37.552013]","[17.61691562484863, 18.755871301428193, 15.167653448103616, 19.226037664338946, 16.43073342829233, 21.827173567864868, 19.104733617444122]","[57.46485260770975, 57.6734693877551, 57.147392290249435, 55.750566893424036, 55.333333333333336, 49.678004535147394, 54.159539729435544]","[(627, 2245.8359915890596), (22067, 21.51192150064165), (48071, 11.615677611974286), (67541, 7.531639906737142), (106279, 11.6156776119743), (132283, 21.51192150064165), (153723, 2245.8359915890596)]"
E:/CHTPT_code_me/static/Car/Car7.wav,"[41.83864, 38.935196, 36.940292, 38.158794, 38.86799, 37.809624, 39.830746]","[20.31660643297919, 16.55603280911843, 21.719210685807326, 19.04700486920774, 16.891463788314944, 22.14605358562299, 21.79235194635112]","[55.750566893424036, 55.333333333333336, 49.678004535147394, 54.766439909297056, 56.013605442176875, 57.47392290249433, 53.93990048204012]","[(662, 2196.127342396924), (23678, 22.512374364910176), (50658, 10.135462039513783), (67485, 8.186755631499564), (103692, 10.13546203951377), (130672, 22.512374364910194), (153688, 2196.1273423969246)]"
E:/CHTPT_code_me/static/Car/Car8.wav,"[39.628742, 39.19288, 38.288544, 39.716583, 39.62529, 39.64786, 38.587193]","[25.697425159430782, 17.559963299538055, 21.063376637730038, 21.827880231042702, 20.60479253885292, 18.224587506570277, 19.346849944087722]","[54.766439909297056, 56.013605442176875, 57.47392290249433, 55.50566893424037, 57.33333333333333, 54.0, 55.47219198673094]","[(354, 2155.245769497463), (24261, 24.81117501319109), (50892, 9.954848718199568), (85597, 8.275212292522228), (103458, 9.954848718199573), (130089, 24.811175013191068), (153996, 2155.245769497463)]"
E:/CHTPT_code_me/static/Car/Car9.wav,"[41.489445, 38.900223, 40.053516, 39.018116, 37.40937, 39.85378, 40.15237]","[20.2867878560345, 20.973605241271713, 17.782649319131103, 18.42820206213565, 20.826985902108607, 22.461172252050822, 22.15746313643952]","[55.50566893424037, 57.33333333333333, 54.0, 58.616780045351476, 53.374149659863946, 55.09750566893424, 55.833074171979476]","[(655, 2195.5238963758206), (24101, 21.356956500698598), (50887, 10.790936200595807), (66953, 8.767877518089554), (103463, 10.790936200595818), (130249, 21.3569565006986), (153695, 2195.5238963758206)]"
E:/CHTPT_code_me/static/Helicopter/Helicopter1.wav,"[30.321789, 26.94855, 26.61657, 27.320932, 27.443668, 27.925148, 26.428484]","[16.139762080815988, 8.294767574746706, 9.585315161495513, 8.243036837250527, 9.556562054370131, 8.968657921511857, 14.251827774153623]","[58.766439909297056, 52.22222222222222, 51.414965986394556, 52.1859410430839, 50.625850340136054, 50.59863945578231, 54.713497123308976]","[(226, 7119.224692305075), (22240, 42.22180299006555), (64998, 69.09451497732594), (66338, 16.482787160175533), (89352, 69.09451497732594), (132110, 42.221802990065534), (154124, 7119.224692305075)]"
E:/CHTPT_code_me/static/Helicopter/Helicopter10.wav,"[29.914652, 26.537968, 27.691433, 27.973324, 26.73623, 26.940775, 27.276636]","[8.234632024433203, 13.418551411623845, 13.318668619640881, 19.933741253667645, 15.966756932348723, 9.046700264194182, 10.272263996497108]","[52.12698412698413, 44.25850340136055, 56.73469387755102, 54.739229024943306, 57.383219954648524, 47.66439909297052, 52.271549266573366]","[(226, 5469.362500205525), (22208, 31.55895556456342), (64797, 63.623807180217575), (66844, 14.969167549717293), (89553, 63.623807180217575), (132142, 31.55895556456342), (154124, 5469.362500205525)]"
E:/CHTPT_code_me/static/Helicopter/Helicopter11.wav,"[28.842007, 26.86234, 27.54658, 26.32773, 26.854105, 27.308016, 27.540016]","[9.396356198568503, 10.074905825534923, 8.485146024308744, 9.855752602951336, 12.705180500467707, 11.694804266361254, 12.610510838705869]","[53.36507936507937, 46.19047619047619, 50.775510204081634, 51.30612244897959, 54.33560090702948, 50.56235827664399, 53.50774892448038]","[(226, 6381.594210715635), (22216, 36.64768756105226), (65116, 57.6816074244249), (87963, 15.208175208653147), (89234, 57.68160742442489), (132134, 36.64768756105227), (154124, 6381.594210715635)]"
E:/CHTPT_code_me/static/Helicopter/Helicopter12.wav,"[28.656534, 26.584152, 27.060482, 26.343029, 26.577303, 27.391111, 26.969627]","[15.072524108988947, 8.056837752727526, 11.79283500837517, 10.886694295498144, 10.885426198087988, 11.073329990973608, 10.985758261466842]","[53.74149659863946, 47.492063492063494, 51.78231292517007, 48.94331065759637, 47.451247165532884, 49.301587301587304, 51.02822267143524]","[(226, 6179.815591106909), (22218, 53.77097847437766), (65052, 88.21970738271574), (87927, 15.180180274670501), (89298, 88.21970738271573), (132132, 53.77097847437767), (154124, 6179.815591106909)]"
E:/CHTPT_code_me/static/Helicopter/Helicopter13.wav,"[28.763796, 27.16577, 26.779936, 27.13787, 27.684975, 27.008204, 28.700363]","[13.151374347047707, 10.782722890975752, 12.991444625714351, 13.368608043085606, 20.189321236241433, 24.780118567425582, 11.238549171303887]","[50.82993197278912, 45.51927437641723, 46.249433106575964, 48.285714285714285, 55.21541950113379, 55.269841269841265, 55.196185144871194]","[(226, 5159.48358184451), (22219, 49.04112834147959), (65010, 61.63689101483658), (66278, 18.37493946344575), (89340, 61.636891014836564), (132131, 49.04112834147956), (154124, 5159.48358184451)]"
E:/CHTPT_code_me/static/Helicopter/Helicopter14.wav,"[28.71152, 26.709728, 28.505497, 27.663858, 27.075668, 27.151981, 26.64189]","[15.410799645753794, 13.064011709675903, 14.603219684656887, 9.582581386036638, 9.841718158540537, 9.363234873412043, 11.285661458082142]","[51.62358276643991, 48.35374149659864, 53.192743764172334, 51.764172335600904, 50.61224489795919, 51.832199546485256, 49.09358316487845]","[(226, 5684.168812826202), (22219, 40.23731399410964), (64699, 67.46752364616225), (87865, 15.004168627091563), (89651, 67.46752364616226), (132131, 40.23731399410963), (154124, 5684.168812826203)]"
E:/CHTPT_code_me/static/Helicopter/Helicopter15.wav,"[29.696873, 28.162718, 28.654612, 28.75092, 28.545712, 25.703444, 30.258253]","[11.073203805054343, 9.006728443671905, 9.943433183278623, 12.699145998894458, 12.935953030994694, 14.502673355552057, 9.429433149316104]","[49.832199546485256, 46.68027210884353, 48.40362811791383, 48.50793650793651, 53.006802721088434, 48.6031746031746, 49.236769812885505]","[(226, 5631.452752155184), (22219, 32.5100071150968), (65278, 57.793411711728254), (66734, 13.216256783898153), (89072, 57.79341171172827), (132131, 32.51000711509681), (154124, 5631.452752155184)]"
E:/CHTPT_code_me/static/Helicopter/Helicopter2.wav,"[29.95413, 28.114466, 30.075315, 28.214453, 27.363266, 27.363237, 26.847425]","[27.291491636356643, 14.580393445101523, 11.428696197054663, 11.55711848710087, 9.595302563060873, 10.777542494179215, 9.211460554174014]","[54.94331065759637, 45.7687074829932, 51.197278911564624, 47.92743764172336, 49.968253968253975, 54.07256235827664, 53.87575804696004]","[(226, 5466.395130755255), (22204, 27.22241907996449), (65108, 51.41671965426047), (87841, 15.940688015200863), (89242, 51.416719654260454), (132146, 27.22241907996451), (154124, 5466.395130755253)]"
E:/CHTPT_code_me/static/Helicopter/Helicopter3.wav,"[28.654432, 26.66606, 27.692392, 27.437778, 25.993587, 28.951952, 28.979195]","[14.769251486503107, 16.541358912807134, 13.390832321186151, 17.11254704832321, 27.669946232899314, 22.51156941388867, 12.615631853917701]","[47.46938775510204, 55.21541950113379, 54.49886621315193, 48.59863945578231, 53.51020408163265, 59.750566893424036, 56.31187477323382]","[(226, 5105.414085499705), (22236, 26.755130427311492), (65190, 73.36131577658786), (87916, 17.649426425297865), (89160, 73.36131577658789), (132114, 26.75513042731148), (154124, 5105.414085499704)]"
E:/CHTPT_code_me/static/Helicopter/Helicopter4.wav,"[29.001123, 29.601425, 27.552296, 28.136606, 27.394424, 27.313929, 27.441517]","[9.02772860623203, 10.066973688662983, 15.934606097150771, 16.508505939106858, 14.041859179269522, 10.537086054682732, 10.571103617050019]","[51.265306122448976, 44.471655328798185, 47.83219954648526, 43.93650793650794, 47.7732426303855, 47.709750566893426, 45.24050173638107]","[(226, 5872.5017027215645), (22255, 26.72066944940886), (64740, 57.84702466015019), (87971, 15.004847087056024), (89610, 57.84702466015018), (132095, 26.720669449408867), (154124, 5872.5017027215645)]"
E:/CHTPT_code_me/static/Helicopter/Helicopter5.wav,"[31.939896, 26.533182, 27.475986, 27.271566, 27.436865, 27.263502, 26.77933]","[9.616756989339063, 9.702074534392782, 14.554590843839659, 14.52760730227012, 15.160548655937115, 10.811065239388318, 14.635480852753279]","[51.20181405895692, 49.81859410430839, 50.08616780045351, 55.84126984126984, 50.98412698412698, 51.1156462585034, 50.892162960659306]","[(226, 5471.200587114112), (22246, 22.200843290024217), (64874, 89.83565174058288), (87993, 13.652914180518373), (89476, 89.83565174058285), (132104, 22.200843290024217), (154124, 5471.200587114112)]"
E:/CHTPT_code_me/static/Helicopter/Helicopter6.wav,"[29.85711, 28.824018, 28.531094, 26.535732, 26.374693, 26.989334, 26.893318]","[17.901881251397523, 16.00806151428038, 15.081029877321617, 13.560711916181303, 11.81966087093488, 10.683983444080999, 9.104212833612802]","[59.414965986394556, 55.36054421768707, 53.68707482993197, 49.46485260770975, 45.21995464852607, 50.58956916099773, 54.434898667910645]","[(226, 6191.594585591493), (22284, 19.721361671574137), (65208, 63.49286460477957), (87794, 14.700867722583245), (89142, 63.49286460477955), (132066, 19.721361671574137), (154124, 6191.594585591494)]"
E:/CHTPT_code_me/static/Helicopter/Helicopter7.wav,"[28.521915, 26.90582, 27.054802, 27.386112, 27.782045, 26.758562, 28.386011]","[11.471522064489681, 9.269230953595113, 11.523619284742468, 11.777637804680992, 15.280704403163067, 13.690805793296368, 12.769904728269292]","[52.965986394557824, 55.69614512471655, 51.12018140589569, 53.10204081632653, 44.535147392290256, 53.97278911564626, 50.6673404861867]","[(226, 6249.315733178172), (22258, 37.80779581253856), (64958, 76.19892004737609), (88054, 13.168630439210927), (89392, 76.19892004737606), (132092, 37.807795812538615), (154124, 6249.315733178172)]"
E:/CHTPT_code_me/static/Helicopter/Helicopter8.wav,"[30.606436, 27.961214, 27.52373, 27.375488, 28.425798, 27.935171, 27.033974]","[15.204600580469814, 13.954844872378523, 12.256134518178268, 16.128882779074566, 13.183812127681449, 11.565125512840625, 10.56206209634963]","[49.22902494331066, 54.811791383219955, 47.3015873015873, 54.72562358276644, 55.950113378684804, 47.92743764172336, 52.57282434043435]","[(226, 5694.230317547082), (22229, 27.504149738080113), (65209, 63.49828488083416), (66530, 15.317883676083033), (89141, 63.498284880834184), (132121, 27.504149738080123), (154124, 5694.230317547082)]"
E:/CHTPT_code_me/static/Helicopter/Helicopter9.wav,"[30.33081, 26.768763, 26.665499, 26.959917, 28.13119, 27.909227, 26.259277]","[14.68025904831065, 9.159591423702382, 14.438611966103228, 19.131733199381934, 18.086137969623366, 14.580197638965078, 18.389862904413825]","[53.863945578231295, 53.40136054421769, 49.91383219954648, 51.85034013605442, 54.1859410430839, 50.91609977324263, 52.3940030062717]","[(226, 6618.678487884743), (22218, 27.431578945488734), (65067, 94.16113022645847), (87270, 13.677410489079259), (89283, 94.16113022645847), (132132, 27.431578945488766), (154124, 6618.678487884743)]"
E:/CHTPT_code_me/static/Jet/Aero_plane1.wav,"[38.93906, 33.161774, 32.03937, 33.903263, 34.276596, 34.192806, 34.657143]","[508.3819400351278, 7.436906041887899, 5.172627808393112, 8.697405724697525, 6.676106860894444, 6.3504172289477925, 7.538288698699381]","[40.326530612244895, 51.709750566893426, 52.585034013605444, 49.709750566893426, 48.82993197278912, 49.378684807256235, 51.65344943761986]","[(370, 3563.6900973828415), (29886, 35.07719776398723), (46743, 38.39246823803103), (87360, 6.1568865407672515), (107607, 38.39246823803103), (124464, 35.07719776398723), (153980, 3563.690097382841)]"
E:/CHTPT_code_me/static/Jet/Aero_plane10.wav,"[35.988216, 32.48477, 33.2467, 31.807213, 33.87061, 30.505709, 31.281263]","[7.723738351663531, 4.974956080661199, 5.638622685468623, 6.091556648191597, 7.852586847175623, 7.385936480325957, 4.986439784988761]","[46.208616780045354, 48.75736961451247, 51.65986394557823, 45.79591836734694, 45.800453514739225, 46.770975056689345, 46.84665422692168]","[(370, 2613.533620649309), (29876, 43.754384405127745), (46733, 12.021798197337915), (86384, 5.621746802616455), (107617, 12.021798197337914), (124474, 43.75438440512774), (153980, 2613.533620649309)]"
E:/CHTPT_code_me/static/Jet/Aero_plane11.wav,"[29.3587, 29.874727, 29.677624, 30.099464, 30.802835, 31.333656, 28.858183]","[7.452678824450041, 7.199230764360566, 8.179435732641391, 5.223793361247296, 6.064504005258814, 7.758982548589951, 8.052979710157073]","[50.25396825396825, 54.20861678004535, 50.625850340136054, 48.317460317460316, 51.374149659863946, 48.29478458049886, 50.41530606955891]","[(365, 2057.8593746758474), (29879, 45.31644201770923), (46728, 13.646819489687536), (83178, 5.499270382827509), (107622, 13.646819489687541), (124471, 45.31644201770924), (153985, 2057.8593746758474)]"
E:/CHTPT_code_me/static/Jet/Aero_plane12.wav,"[33.283413, 28.812939, 28.469946, 31.861862, 28.891472, 28.56882, 30.667793]","[7.676308582060385, 6.069291742252452, 9.240138670429587, 5.8400717868824445, 6.451785907986396, 7.6193720168833226, 6.423408536717207]","[54.235827664399096, 52.0453514739229, 49.08390022675737, 52.852607709750565, 46.90249433106576, 53.31519274376417, 53.34123775462603]","[(363, 1870.8016858077294), (29887, 65.7357890262924), (46741, 11.383503614530898), (66612, 5.7999892411977845), (107609, 11.383503614530934), (124463, 65.73578902629241), (153987, 1870.8016858077294)]"
E:/CHTPT_code_me/static/Jet/Aero_plane13.wav,"[29.73019, 27.78101, 31.152527, 28.121288, 30.019926, 29.180202, 31.091797]","[7.6285723367872444, 6.16310388140846, 8.38487135312919, 5.865192675264552, 6.630912690334732, 7.515180337664095, 6.399128512878503]","[48.93877551020408, 48.70748299319728, 48.21768707482993, 52.244897959183675, 50.53968253968254, 48.6077097505669, 47.974006116207946]","[(363, 1928.0424903921391), (29889, 51.96681645224557), (45111, 11.894125038578457), (87657, 5.566135417976356), (109239, 11.894125038578425), (124461, 51.966816452245574), (153987, 1928.0424903921391)]"
E:/CHTPT_code_me/static/Jet/Aero_plane14.wav,"[33.176765, 30.300571, 29.011301, 29.31058, 31.850046, 28.160887, 33.85747]","[6.66249067479268, 6.374412449076772, 5.541721635520281, 7.68648096792666, 7.153514601911108, 6.937212333460117, 6.06127572578511]","[47.183673469387756, 50.281179138321995, 49.28344671201814, 44.848072562358276, 56.054421768707485, 51.61904761904762, 51.3456953299124]","[(364, 2655.5280530972864), (29886, 43.52041184032382), (46742, 17.827975661578705), (67062, 6.384321776381233), (107608, 17.827975661578705), (124464, 43.52041184032382), (153986, 2655.5280530972864)]"
E:/CHTPT_code_me/static/Jet/Aero_plane15.wav,"[33.583477, 27.745378, 30.984362, 29.77672, 29.824541, 30.436758, 30.450298]","[8.381003554000758, 6.7764317090179595, 5.417235162375229, 7.264788129499981, 6.776271708908358, 7.013886387548631, 6.560899403051562]","[53.0249433106576, 48.36734693877551, 53.30612244897959, 52.68934240362812, 50.40816326530612, 47.88208616780045, 48.843492458404604]","[(915, 2185.8753037264364), (29888, 58.636836410173466), (44593, 13.488822442261297), (85553, 6.672985090647791), (109757, 13.488822442261304), (124462, 58.636836410173444), (153435, 2185.875303726436)]"
E:/CHTPT_code_me/static/Jet/Aero_plane2.wav,"[35.886723, 34.02985, 34.279716, 34.30675, 34.774746, 33.709, 32.593575]","[6.81322775320908, 6.273489545925432, 7.631279288380894, 7.447348528408578, 8.22581682781068, 8.334944060161, 7.023022812791169]","[47.57369614512472, 47.72789115646259, 56.93424036281179, 48.911564625850346, 51.29705215419501, 51.006802721088434, 53.419634064168356]","[(371, 5661.234717152252), (29883, 47.015369395716505), (46739, 28.217929321043883), (66880, 6.188310892095913), (107611, 28.21792932104389), (124467, 47.01536939571648), (153979, 5661.234717152252)]"
E:/CHTPT_code_me/static/Jet/Aero_plane3.wav,"[35.762833, 32.971596, 33.286816, 34.11711, 33.472076, 34.84982, 34.839684]","[6.966841579983444, 6.969375711023098, 5.9635550996019795, 6.347598665992597, 6.079629551441896, 8.391066217085434, 7.4096066109459136]","[52.39455782312925, 53.08390022675737, 53.92290249433106, 50.48526077097505, 50.095238095238095, 51.102040816326536, 53.408619706629345]","[(371, 4798.903598034902), (29883, 43.390134517954344), (46737, 38.51000547695011), (68567, 5.361944629442337), (107613, 38.51000547695013), (124467, 43.390134517954365), (153979, 4798.903598034903)]"
E:/CHTPT_code_me/static/Jet/Aero_plane4.wav,"[35.695835, 34.627476, 34.507046, 33.933105, 32.093945, 33.93292, 33.502285]","[7.796647476822917, 6.380895104736001, 5.877712685226773, 6.791895048809238, 4.699608988344802, 6.463885366074031, 7.4591588738950945]","[51.95918367346939, 46.7437641723356, 45.2108843537415, 51.36961451247166, 48.64852607709751, 54.24036281179138, 48.94262167625564]","[(371, 3136.154728567263), (29883, 44.222614649098944), (46738, 18.89358505470865), (86825, 5.739553299247191), (107612, 18.893585054708645), (124467, 44.22261464909893), (153979, 3136.1547285672627)]"
E:/CHTPT_code_me/static/Jet/Aero_plane5.wav,"[34.45767, 31.391188, 33.687004, 33.44452, 34.464188, 33.186817, 32.107204]","[6.704810471815425, 6.368885737278366, 6.18838630789902, 6.316422534568812, 5.510445301687079, 6.018943267692867, 8.308929169461841]","[48.36281179138322, 49.755102040816325, 51.46938775510204, 57.2562358276644, 52.657596371882086, 46.78911564625851, 52.72378582905717]","[(368, 3644.2845619872846), (29881, 49.39989319199107), (46733, 19.29011625990917), (70903, 5.476411992477231), (107617, 19.29011625990915), (124469, 49.399893191991076), (153982, 3644.284561987284)]"
E:/CHTPT_code_me/static/Jet/Aero_plane6.wav,"[34.072693, 32.99138, 33.35511, 32.35317, 30.680952, 31.819517, 33.466576]","[7.034770360887917, 5.9434974047083715, 6.510354241444951, 6.045582688724001, 8.295064379871334, 7.0200723878640146, 4.917499750098657]","[48.752834467120174, 46.87981859410431, 50.19954648526077, 52.06349206349206, 50.25396825396825, 47.315192743764165, 50.46778624371534]","[(368, 3445.288129561398), (29883, 49.95215426736954), (46732, 22.293747819151516), (69941, 6.324052404728179), (107618, 22.293747819151527), (124467, 49.952154267369544), (153982, 3445.288129561398)]"
E:/CHTPT_code_me/static/Jet/Aero_plane7.wav,"[32.334843, 29.41183, 31.179506, 30.34984, 32.407516, 34.322815, 30.123636]","[7.404256460722536, 7.29478880654954, 5.792096658565459, 7.650617807770947, 7.443683967513997, 6.60595854611269, 6.552446208384243]","[57.945578231292515, 44.04081632653061, 50.467120181405896, 49.156462585034014, 53.183673469387756, 51.49659863945578, 48.458637847924116]","[(369, 3211.316298729881), (29881, 79.24501942168496), (46735, 20.797682802592885), (71094, 6.152979036452594), (107615, 20.797682802592877), (124469, 79.24501942168497), (153981, 3211.316298729881)]"
E:/CHTPT_code_me/static/Jet/Aero_plane8.wav,"[34.303196, 30.844023, 34.596916, 33.545, 34.0697, 33.676723, 33.69796]","[7.198810892526147, 6.476840253439843, 5.278570740483701, 6.493003469049221, 6.707628473772535, 6.097234543579232, 7.08237097347765]","[50.85260770975057, 52.30385487528345, 50.616780045351476, 52.90249433106576, 52.80272108843537, 51.31065759637188, 51.79857979578085]","[(371, 3223.557321100582), (29887, 73.39900085643121), (46743, 25.020729707452016), (86071, 5.725930733971843), (107607, 25.020729707452016), (124463, 73.39900085643123), (153979, 3223.557321100582)]"
E:/CHTPT_code_me/static/Jet/Aero_plane9.wav,"[36.467747, 33.117336, 34.51901, 34.47446, 33.547577, 35.696346, 33.815754]","[7.999752050395622, 6.62404260975087, 6.982945204695819, 6.500100282677782, 6.538288649781386, 6.988363621279686, 7.0410682884141265]","[55.32426303854876, 52.51700680272109, 48.44897959183674, 54.25396825396825, 49.74149659863946, 56.3718820861678, 53.66648525371897]","[(372, 5332.905810782649), (29880, 41.49241144328179), (46734, 17.816236710041565), (82623, 5.47060590287132), (107616, 17.816236710041533), (124470, 41.49241144328179), (153978, 5332.905810782649)]"
E:/CHTPT_code_me/static/Motor/Motor1.wav,"[42.162125, 48.734604, 44.008904, 41.28683, 37.935623, 30.944471, 45.650322]","[10.361356810168472, 10.038854971450442, 11.739695237927316, 13.328687464568898, 10.14116977208427, 10.363522215352749, 9.268708742179331]","[48.61678004535147, 49.85487528344671, 43.192743764172334, 48.249433106575964, 48.621315192743765, 43.99546485260771, 46.65811434198932]","[(717, 1939.2965974510817), (22440, 49.0166557015779), (47457, 14.281875296794775), (87004, 4.675804119236116), (106893, 14.281875296794787), (131910, 49.01665570157791), (153633, 1939.2965974510817)]"
E:/CHTPT_code_me/static/Motor/Motor10.wav,"[35.84793, 36.29334, 36.18221, 38.397617, 34.348373, 26.326843, 24.799967]","[18.024213214643126, 13.013459766461025, 15.05333129482876, 10.362393586408524, 14.198335952546802, 15.600511227828628, 14.421230080049662]","[47.460317460317455, 51.755102040816325, 48.208616780045354, 49.74149659863946, 48.22675736961452, 44.321995464852606, 47.14404188047479]","[(333, 1914.1855019900138), (27458, 62.345931902029534), (47646, 17.573389110364236), (86855, 5.11841204362278), (106704, 17.573389110364246), (126892, 62.345931902029555), (154017, 1914.1855019900138)]"
E:/CHTPT_code_me/static/Motor/Motor11.wav,"[39.23276, 33.987736, 25.683228, 24.836107, 31.698093, 34.15329, 42.146263]","[13.254329543235864, 14.753606321201438, 16.647166468291765, 15.299555203680592, 20.35796777788727, 14.544105576905643, 9.88805493155572]","[49.74149659863946, 48.22675736961452, 44.321995464852606, 40.17687074829932, 43.75510204081633, 42.993197278911566, 44.54400559788524]","[(1318, 1230.365979661385), (27504, 48.519202474077574), (46821, 15.95123416591033), (85733, 4.315039548496313), (107529, 15.9512341659103), (126846, 48.51920247407757), (153032, 1230.3659796613852)]"
E:/CHTPT_code_me/static/Motor/Motor12.wav,"[28.35339, 31.340433, 35.09555, 41.01438, 42.795856, 42.676197, 34.20878]","[16.387925147577082, 22.391792643992673, 13.489486002765174, 9.390684433414467, 12.47153422085657, 10.445458232702332, 17.67122543394743]","[40.17687074829932, 43.75510204081633, 42.993197278911566, 48.16326530612245, 52.26303854875283, 48.698412698412696, 50.10755196185145]","[(348, 1274.1060399802423), (28377, 50.60384693447206), (47549, 16.643431018433624), (87113, 4.1087643601074735), (106801, 16.64343101843361), (125973, 50.603846934472045), (154002, 1274.1060399802423)]"
E:/CHTPT_code_me/static/Motor/Motor13.wav,"[42.30345, 42.352196, 42.565903, 34.59046, 35.5704, 35.624886, 36.782803]","[9.236463528061503, 11.375010820172195, 12.976521730334277, 15.59320992840055, 12.985926152517399, 14.379658837181827, 12.2968786238094]","[48.16326530612245, 52.26303854875283, 48.698412698412696, 49.26984126984127, 51.424036281179134, 49.03401360544217, 51.67677395946716]","[(1334, 1391.5021699355202), (22544, 56.13248181944706), (47242, 19.412263850454227), (67236, 5.520515139198304), (107108, 19.41226385045423), (131806, 56.132481819447015), (153016, 1391.5021699355198)]"
E:/CHTPT_code_me/static/Motor/Motor14.wav,"[36.157978, 35.67281, 36.09694, 37.60156, 33.154285, 30.155779, 31.196613]","[15.423671639156202, 13.242645543955621, 14.774236599692987, 12.902280872332907, 14.505455499082538, 13.820913971548656, 17.627099242582474]","[49.26984126984127, 51.424036281179134, 49.03401360544217, 54.10884353741496, 41.24716553287981, 42.956916099773245, 47.70123879127145]","[(335, 1144.013235791582), (28376, 55.963634019264354), (47460, 24.026442936626985), (67418, 6.557220437009873), (106890, 24.026442936626964), (125974, 55.96363401926434), (154015, 1144.0132357915822)]"
E:/CHTPT_code_me/static/Motor/Motor15.wav,"[38.91479, 33.443653, 29.780712, 31.41504, 31.100636, 27.469913, 29.5307]","[13.335126819160799, 13.81970334055257, 14.582821970716829, 17.615020660949604, 13.156549918321183, 11.549012788150105, 16.933564476979274]","[54.10884353741496, 41.24716553287981, 42.956916099773245, 49.12471655328798, 43.043083900226755, 44.6031746031746, 44.00689369201265]","[(272, 1403.3092522884804), (22545, 68.19047378869789), (47839, 20.301834142484665), (85752, 4.869734716995434), (106511, 20.301834142484687), (131805, 68.19047378869787), (154078, 1403.3092522884808)]"
E:/CHTPT_code_me/static/Motor/Motor2.wav,"[42.96841, 37.082764, 30.523134, 45.890133, 45.209724, 44.79661, 42.574295]","[14.298596826441543, 9.444343610223205, 9.421308036239463, 10.048489810876726, 11.915771711972498, 10.087357714794399, 11.801559057840635]","[48.249433106575964, 48.621315192743765, 43.99546485260771, 40.86621315192743, 55.88208616780045, 48.08163265306122, 47.405794847872286]","[(718, 1903.9609134072698), (22450, 51.48829859806863), (46967, 14.670057458441967), (86943, 6.284166184685931), (107383, 14.670057458441983), (131900, 51.48829859806864), (153632, 1903.9609134072696)]"
E:/CHTPT_code_me/static/Motor/Motor3.wav,"[46.858635, 45.331787, 44.397728, 42.74887, 38.971867, 35.574078, 35.41051]","[10.930291911976974, 9.880932736693163, 9.870236539947134, 13.010634304512115, 14.019698095911995, 12.10941131714554, 13.134514038739283]","[40.86621315192743, 55.88208616780045, 48.08163265306122, 45.13832199546485, 52.38095238095239, 51.573696145124714, 48.54934432177473]","[(1174, 1238.1210244609038), (22332, 54.81970845306302), (47690, 15.15780798917277), (86929, 5.620817549752444), (106660, 15.157807989172783), (132018, 54.81970845306299), (153176, 1238.1210244609035)]"
E:/CHTPT_code_me/static/Motor/Motor4.wav,"[43.957157, 38.365387, 34.331543, 35.217026, 28.779593, 26.624739, 24.855097]","[12.077047292151228, 14.934270442851508, 12.562363013802539, 13.403456930869392, 13.156922802972119, 15.762987467903821, 21.605786214405228]","[45.13832199546485, 52.38095238095239, 51.573696145124714, 50.6530612244898, 51.33333333333333, 54.0, 52.367438967501165]","[(893, 1471.558902897291), (22443, 51.45791161887941), (48817, 15.175854209842889), (67518, 5.896621444941408), (105533, 15.175854209842898), (131907, 51.4579116188794), (153457, 1471.5589028972913)]"
E:/CHTPT_code_me/static/Motor/Motor5.wav,"[36.58346, 29.302307, 27.025337, 24.652653, 30.697378, 31.843063, 35.330467]","[13.354980639658521, 14.061325535710369, 15.810090595706631, 21.144260144570755, 15.199986306418266, 13.139059130723277, 15.76708819539774]","[50.6530612244898, 51.33333333333333, 54.0, 52.87981859410431, 49.96371882086168, 47.183673469387756, 52.562457886279994]","[(870, 1694.9871303786713), (27486, 51.03100015961702), (47522, 17.854859132029617), (67633, 5.295438529336882), (106828, 17.854859132029624), (126864, 51.031000159617015), (153480, 1694.9871303786717)]"
E:/CHTPT_code_me/static/Motor/Motor6.wav,"[26.518803, 30.57336, 32.58896, 35.494034, 37.94308, 37.66014, 36.920506]","[19.336134968000614, 14.2776999943072, 11.868573385956031, 14.846732084974757, 8.276766608469188, 11.396839135392968, 13.449875398405961]","[52.87981859410431, 49.96371882086168, 47.183673469387756, 47.9092970521542, 50.29478458049886, 53.26530612244898, 52.15492665733686]","[(1305, 2133.5971118102875), (27108, 46.81538080638765), (44796, 15.291537630464626), (67198, 6.049935134448496), (109554, 15.291537630464635), (127242, 46.81538080638765), (153045, 2133.5971118102875)]"
E:/CHTPT_code_me/static/Motor/Motor7.wav,"[37.94074, 37.72862, 38.09909, 37.456818, 42.195087, 30.239147, 32.46195]","[13.784892117109848, 9.88046086013561, 12.091617691718662, 13.07080350289609, 11.632504132354544, 15.193573261300722, 16.53329953329549]","[47.9092970521542, 50.29478458049886, 53.26530612244898, 52.956916099773245, 53.46485260770975, 41.46031746031746, 49.628751360597114]","[(815, 2209.826552677997), (22315, 50.42606118510712), (46957, 16.20995554128001), (68554, 5.2424865341132145), (107393, 16.209955541280006), (132035, 50.426061185107166), (153535, 2209.826552677997)]"
E:/CHTPT_code_me/static/Motor/Motor8.wav,"[38.85182, 42.89244, 30.442198, 32.212498, 30.769506, 33.444614, 35.004917]","[14.135022088073107, 11.634102014691702, 17.137765169276722, 17.924970101254683, 15.816603705198283, 14.587538719033112, 18.675975566951646]","[52.956916099773245, 53.46485260770975, 41.46031746031746, 42.816326530612244, 49.29251700680272, 48.390022675736965, 49.510185041206654]","[(326, 2023.1040793362115), (27413, 63.46138464476711), (47536, 20.204405618380463), (67437, 5.490579639860977), (106814, 20.204405618380456), (126937, 63.46138464476712), (154024, 2023.1040793362115)]"
E:/CHTPT_code_me/static/Motor/Motor9.wav,"[36.403805, 30.96665, 33.758152, 35.033188, 36.404934, 36.444237, 38.0475]","[18.480423546591123, 15.539126036067804, 15.15658771885293, 16.974271336082545, 11.869726267953714, 16.25995613049738, 10.795651635687266]","[42.816326530612244, 49.29251700680272, 48.390022675736965, 47.460317460317455, 51.755102040816325, 48.208616780045354, 47.34748354325403]","[(333, 2064.942647408307), (27413, 56.70165638550865), (47471, 20.731924015392455), (68692, 5.249009273153339), (106879, 20.73192401539245), (126937, 56.701656385508635), (154017, 2064.9426474083066)]"
E:/CHTPT_code_me/static/Tractor/Tractor1.wav,"[38.601543, 37.65932, 37.48372, 37.176098, 37.52601, 37.188824, 37.342873]","[5.787136576809855, 5.992287148477598, 4.461125268356963, 5.9320377604481545, 6.1113340508503216, 6.391266034916043, 5.149077985247242]","[54.73015873015873, 56.31292517006803, 53.99546485260771, 54.03628117913832, 53.981859410430836, 57.43764172335601, 55.64388638366247]","[(475, 3913.568198043984), (32740, 44.56814450968203), (46975, 22.25434390739307), (85922, 16.070818003430112), (107375, 22.254343907393075), (121610, 44.568144509682035), (153875, 3913.568198043984)]"
E:/CHTPT_code_me/static/Tractor/Tractor10.wav,"[38.938828, 38.664326, 39.219124, 38.62136, 38.432037, 38.35107, 38.403954]","[4.973103903331469, 4.444731361443354, 5.090487141916085, 4.1198508952566915, 4.430045118178462, 5.153415239016924, 4.5078740222379565]","[53.64625850340136, 54.557823129251695, 54.21768707482993, 54.75283446712018, 55.43764172335601, 51.274376417233555, 52.90390296998911]","[(493, 3359.910548999112), (35009, 49.467350764522934), (44360, 29.414129262389476), (87255, 17.31779472773104), (109990, 29.414129262389487), (119341, 49.46735076452294), (153857, 3359.9105489991116)]"
E:/CHTPT_code_me/static/Tractor/Tractor11.wav,"[39.82004, 39.181442, 38.395615, 38.365063, 38.211723, 38.455315, 38.345543]","[4.6149149162120855, 5.211680460100372, 3.7334484092536426, 4.725392256373847, 5.505800932934064, 4.536796968230711, 4.874431125132278]","[54.557823129251695, 54.21768707482993, 54.75283446712018, 55.43764172335601, 51.274376417233555, 55.92743764172335, 55.64323848027782]","[(493, 5082.102317791696), (31387, 43.459461441499876), (44375, 30.25157182347386), (87255, 18.88815713466645), (109975, 30.251571823473874), (122963, 43.45946144149987), (153857, 5082.102317791695)]"
E:/CHTPT_code_me/static/Tractor/Tractor12.wav,"[40.41457, 38.4697, 38.38007, 38.402008, 38.509808, 38.37322, 38.60246]","[5.35387444136621, 3.8339469570755247, 5.0936893451892375, 4.371548404742498, 4.714033816431073, 4.6899776894687895, 6.231177959021546]","[54.21768707482993, 54.75283446712018, 55.43764172335601, 51.274376417233555, 55.92743764172335, 55.01587301587302, 55.57391281812056]","[(493, 5274.927657772174), (31675, 45.1541655012264), (44375, 29.46133528316043), (67095, 18.62461733175832), (109975, 29.46133528316043), (122675, 45.154165501226394), (153857, 5274.927657772174)]"
E:/CHTPT_code_me/static/Tractor/Tractor13.wav,"[39.764572, 38.36936, 38.227604, 38.495903, 38.413677, 38.541794, 33.37584]","[5.4756646587288005, 4.515267315963727, 4.1638088272607305, 4.353678454866722, 4.726101187822808, 6.523337252881555, 12.093191132104645]","[54.75736961451248, 55.43764172335601, 51.274376417233555, 55.92743764172335, 55.01587301587302, 56.544217687074834, 54.964883636552116]","[(493, 5004.456635559945), (33103, 44.65473320732357), (44515, 27.10415003704095), (88007, 16.39335857220161), (109835, 27.104150037040945), (121247, 44.65473320732357), (153857, 5004.4566355599445)]"
E:/CHTPT_code_me/static/Tractor/Tractor14.wav,"[39.606247, 38.41772, 38.42054, 38.407593, 38.505257, 33.426388, 34.294605]","[5.570139688288057, 4.1227448584755795, 4.162220499433932, 5.6372238614130765, 7.1030381185534806, 12.49687335165661, 3.832612092152149]","[55.43764172335601, 51.274376417233555, 55.92743764172335, 55.01587301587302, 56.544217687074834, 48.71655328798185, 55.16897320271601]","[(493, 3973.4679780157626), (34320, 42.933976376478036), (44105, 29.379784822372983), (66987, 14.18117914292344), (110245, 29.379784822372965), (120030, 42.933976376478036), (153857, 3973.4679780157635)]"
E:/CHTPT_code_me/static/Tractor/Tractor15.wav,"[39.71094, 38.52339, 38.45716, 38.58771, 33.315598, 34.232185, 37.412125]","[5.106084555696133, 4.209066123197165, 5.500253886427908, 7.156175228703345, 13.06285274719509, 3.5373394784983248, 4.995159210548515]","[51.274376417233555, 55.92743764172335, 55.01587301587302, 56.544217687074834, 48.71655328798185, 56.662131519274375, 55.34909034364796]","[(492, 3689.424317108963), (43110, 41.79955457161671), (44242, 26.46130589729602), (67966, 14.263093767349615), (110108, 26.461305897296025), (111240, 41.79955457161671), (153858, 3689.424317108963)]"
E:/CHTPT_code_me/static/Tractor/Tractor2.wav,"[38.838467, 37.654144, 37.12292, 37.630985, 37.21071, 37.294506, 38.077595]","[6.370977535410676, 4.151112288846413, 5.042677293420725, 5.771926819856855, 6.227751570293636, 4.870196989560056, 4.765618020956892]","[56.317460317460316, 53.99546485260771, 54.03628117913832, 53.981859410430836, 57.43764172335601, 53.55555555555556, 56.4472865806251]","[(468, 3464.3118359293985), (33919, 38.781951481628596), (44865, 25.970371984813283), (85922, 17.289722546723056), (109485, 25.9703719848133), (120431, 38.7819514816286), (153882, 3464.311835929399)]"
E:/CHTPT_code_me/static/Tractor/Tractor3.wav,"[38.86967, 37.11601, 37.60899, 37.234802, 37.22012, 38.036385, 37.878956]","[5.1482350344845464, 4.563964564641494, 4.936382718317743, 5.810705435440122, 4.672883657275677, 3.8581425684415516, 7.35118818369561]","[53.99546485260771, 54.03628117913832, 53.981859410430836, 57.43764172335601, 53.55555555555556, 57.292517006802726, 56.43951174000933]","[(470, 3741.66576304579), (33919, 43.20398918852799), (44376, 23.877400204410172), (85922, 15.482926056759435), (109974, 23.877400204410183), (120431, 43.203989188527984), (153880, 3741.66576304579)]"
E:/CHTPT_code_me/static/Tractor/Tractor4.wav,"[38.514484, 37.55778, 37.336685, 37.343082, 38.029495, 37.933163, 37.525192]","[5.121692984776441, 4.765669567166784, 5.566142723684953, 5.715210327651308, 4.048693901131628, 6.754016183826717, 4.6336738259664605]","[54.03628117913832, 53.981859410430836, 57.43764172335601, 53.55555555555556, 57.292517006802726, 56.08616780045351, 56.588529518478204]","[(475, 3066.6786740469347), (33414, 38.76512095032204), (44172, 22.87727816980582), (70033, 14.775991410296193), (110178, 22.877278169805802), (120936, 38.76512095032205), (153875, 3066.6786740469347)]"
E:/CHTPT_code_me/static/Tractor/Tractor5.wav,"[38.905727, 37.24727, 37.21321, 37.977352, 37.61038, 37.30106, 38.63925]","[6.371400718100715, 5.920438666587524, 5.386380780761274, 5.029177385204959, 6.821046807592557, 4.29678295740381, 6.884873853552909]","[53.98639455782313, 57.43764172335601, 53.55555555555556, 57.292517006802726, 56.08616780045351, 53.64625850340136, 56.563261286476965]","[(468, 2904.9706641675766), (33414, 53.60452437351702), (44866, 23.32763695524623), (86307, 15.620576935817494), (109484, 23.327636955246216), (120936, 53.60452437351702), (153882, 2904.9706641675766)]"
E:/CHTPT_code_me/static/Tractor/Tractor6.wav,"[38.81169, 37.22073, 38.102848, 37.859726, 37.352837, 38.666183, 39.082764]","[7.366076170474963, 5.330608603877148, 5.551768426916429, 7.123836376039045, 5.059855432427001, 6.097683444663527, 4.290515361242884]","[57.43764172335601, 53.55555555555556, 57.292517006802726, 56.08616780045351, 53.64625850340136, 54.557823129251695, 56.469315295703105]","[(499, 2703.681706410481), (33414, 48.147825861285774), (44866, 24.096597713232637), (86631, 15.489753204664638), (109484, 24.096597713232647), (120936, 48.14782586128577), (153851, 2703.681706410481)]"
E:/CHTPT_code_me/static/Tractor/Tractor7.wav,"[38.368073, 38.003098, 37.83663, 37.284023, 38.73901, 39.041336, 38.638603]","[5.929083746132376, 4.970238368037999, 7.488540808359782, 5.75511647898349, 5.9550129032383365, 4.844009419459672, 3.6436604918327204]","[53.55555555555556, 57.292517006802726, 56.08616780045351, 53.64625850340136, 54.557823129251695, 54.21768707482993, 56.51920385632094]","[(497, 3257.1651739009594), (33414, 42.90520373541025), (44184, 26.113143426829314), (68347, 15.059806230159108), (110166, 26.113143426829303), (120936, 42.90520373541025), (153853, 3257.16517390096)]"
E:/CHTPT_code_me/static/Tractor/Tractor8.wav,"[39.405834, 37.659924, 37.502056, 38.570557, 39.078953, 38.50799, 38.546562]","[5.823140959174177, 8.214692495364163, 5.035977023986301, 5.905265920002767, 4.7189897212471505, 4.9308761125855325, 5.17422733135477]","[57.292517006802726, 56.08616780045351, 53.64625850340136, 54.557823129251695, 54.21768707482993, 54.75283446712018, 56.22052039599855]","[(497, 3056.336120045719), (33361, 44.47134692062901), (48581, 28.02472726184728), (86136, 15.735010799555274), (105769, 28.024727261847275), (120989, 44.47134692062901), (153853, 3056.336120045718)]"
E:/CHTPT_code_me/static/Tractor/Tractor9.wav,"[38.962162, 37.576015, 38.680622, 39.117092, 38.5435, 38.322178, 38.427544]","[9.124641685251168, 4.298289780092004, 5.612062410052333, 5.026513128818589, 5.053871795756831, 4.663877154789155, 5.033739803946533]","[56.08616780045351, 53.64625850340136, 54.557823129251695, 54.21768707482993, 54.75283446712018, 55.43764172335601, 52.82615456383144]","[(497, 2975.1309102151376), (34785, 47.04763173230134), (44360, 26.528224198002444), (85225, 15.859954831522556), (109990, 26.528224198002434), (119565, 47.047631732301355), (153853, 2975.1309102151376)]"
E:/CHTPT_code_me/static/Train/Train1.wav,"[41.289436, 39.72443, 36.252716, 41.047703, 36.584576, 37.855953, 35.037327]","[12.392223524579475, 11.76543063595004, 11.374960784866873, 13.460155476682953, 9.226370861489116, 12.816709161381281, 11.063226616187464]","[47.47845804988662, 51.96825396825397, 51.33333333333333, 44.81632653061225, 42.666666666666664, 55.859410430839, 49.13051365780334]","[(588, 2551.3374447457295), (23145, 41.840560807945295), (49675, 18.188830651628745), (66768, 6.048639808057626), (104675, 18.18883065162875), (131205, 41.840560807945316), (153762, 2551.3374447457295)]"
E:/CHTPT_code_me/static/Train/Train10.wav,"[41.418774, 36.372707, 38.76419, 36.095387, 35.70225, 37.266384, 40.372673]","[12.532475972439833, 12.550300446205906, 9.026279294353333, 17.118881719250652, 9.800607189979582, 12.16952982136891, 14.38638418303093]","[47.65079365079365, 51.80045351473923, 49.238095238095234, 50.64399092970521, 52.27210884353741, 52.471655328798185, 48.12108018452288]","[(588, 4259.086653202682), (22258, 35.01334512995136), (47262, 11.661801297905695), (86130, 5.511797698464108), (107088, 11.66180129790573), (132092, 35.013345129951375), (153762, 4259.086653202682)]"
E:/CHTPT_code_me/static/Train/Train11.wav,"[37.60944, 35.721973, 37.7378, 38.500374, 35.609573, 40.90632, 39.694595]","[16.437794892983728, 10.61524214400422, 11.56398024010871, 14.01885345223404, 11.75213846865864, 12.079154447253261, 12.714962703951945]","[50.64399092970521, 52.27210884353741, 52.471655328798185, 51.86394557823129, 46.96145124716553, 50.090702947845806, 50.07321308246514]","[(585, 2994.97670438736), (23069, 32.5307411843265), (49773, 12.538626804198426), (66274, 6.217991647197364), (104577, 12.538626804198442), (131281, 32.53074118432652), (153765, 2994.97670438736)]"
E:/CHTPT_code_me/static/Train/Train12.wav,"[40.52874, 35.925976, 39.170757, 39.662334, 36.446487, 39.4465, 41.80067]","[14.157844263367181, 12.11193759836966, 12.956027687704633, 14.995777473918029, 11.086745294077057, 14.796921925707942, 14.782404715550088]","[51.86394557823129, 46.96145124716553, 50.090702947845806, 51.2108843537415, 48.26757369614513, 47.19274376417234, 48.65819209039548]","[(585, 2692.9854412492346), (23203, 38.494913166285855), (48429, 12.669818652673467), (84595, 7.378444883392171), (105921, 12.669818652673479), (131147, 38.494913166285855), (153765, 2692.9854412492346)]"
E:/CHTPT_code_me/static/Train/Train13.wav,"[41.584526, 36.711338, 39.494823, 42.47051, 35.044643, 35.636417, 38.405384]","[14.969271917957379, 11.982313672169333, 15.608198333176828, 14.085826979550932, 10.059777326698947, 13.614323428122415, 14.448126337845766]","[51.2108843537415, 48.26757369614513, 47.19274376417234, 47.55102040816327, 47.718820861678005, 50.471655328798185, 48.809801482402946]","[(606, 2669.4163720516103), (23347, 31.97877768919798), (45691, 14.057578629164562), (84089, 7.991795042897503), (108659, 14.057578629164562), (131003, 31.978777689197965), (153744, 2669.41637205161)]"
E:/CHTPT_code_me/static/Train/Train14.wav,"[43.520027, 35.011898, 35.970608, 39.37711, 37.6236, 39.371487, 39.363525]","[13.906005542958155, 10.607879021249357, 13.675680074707738, 15.759707325404245, 9.622327838284642, 10.963191303779327, 13.21675782757146]","[47.55102040816327, 47.718820861678005, 50.471655328798185, 47.7732426303855, 48.009070294784586, 49.97732426303855, 49.1518944694967]","[(589, 4232.780728899896), (23726, 35.29653070725508), (45923, 11.674183341439134), (87811, 6.8101969751839), (108427, 11.674183341439154), (130624, 35.29653070725509), (153761, 4232.7807288998965)]"
E:/CHTPT_code_me/static/Train/Train15.wav,"[39.060684, 37.01657, 39.9006, 38.68226, 40.437187, 39.20133, 39.97593]","[16.35247158038235, 10.958494835843643, 11.355886682646261, 12.855424929598701, 11.594422412842201, 12.312448564695107, 12.403001638484143]","[47.7732426303855, 48.009070294784586, 49.97732426303855, 51.292517006802726, 48.08616780045352, 49.5328798185941, 48.61154304670088]","[(589, 5289.722146895731), (23680, 38.2621553809063), (44541, 10.873407710152739), (68606, 5.3554743938199945), (109809, 10.873407710152707), (130670, 38.262155380906314), (153761, 5289.7221468957305)]"
E:/CHTPT_code_me/static/Train/Train2.wav,"[42.397972, 36.2745, 37.326153, 34.82113, 42.700424, 37.753147, 39.425514]","[14.466056782213515, 9.452546329426003, 14.154416241355994, 10.872787140986128, 15.604203850879069, 14.590894503496765, 12.118621196298461]","[44.81632653061225, 42.666666666666664, 55.859410430839, 43.34240362811791, 44.85260770975057, 51.77324263038548, 51.67029492562069]","[(587, 3429.9500752393355), (23674, 37.96819454396835), (49675, 18.029159561195854), (86661, 4.787056891303899), (104675, 18.029159561195865), (130676, 37.96819454396836), (153763, 3429.950075239336)]"
E:/CHTPT_code_me/static/Train/Train3.wav,"[37.614376, 43.192966, 37.031834, 39.76823, 39.024143, 39.71955, 42.359108]","[13.314805768679308, 17.984574221606767, 14.402330115193589, 12.202505113202191, 10.584820906764694, 13.35975510910863, 12.669405332278638]","[43.34240362811791, 44.85260770975057, 51.77324263038548, 53.61451247165533, 48.816326530612244, 45.682539682539684, 52.195096667184984]","[(583, 2705.79568495429), (23543, 38.48058677482307), (49781, 17.474550224465435), (66351, 5.89139349781175), (104569, 17.474550224465457), (130807, 38.48058677482304), (153767, 2705.7956849542898)]"
E:/CHTPT_code_me/static/Train/Train4.wav,"[42.15461, 38.979095, 40.197853, 42.106712, 33.23851, 35.564438, 39.241543]","[12.325450459354405, 11.728863088813211, 12.824240076311288, 12.850698000306693, 9.247973126669725, 13.614715892998944, 12.457200363167518]","[53.61451247165533, 48.816326530612244, 45.682539682539684, 56.40362811791383, 46.64852607709751, 53.28344671201814, 51.288679832063444]","[(583, 2821.991164511642), (23649, 33.78746870610185), (49038, 14.640485832180863), (87624, 6.389233531703831), (105312, 14.640485832180847), (130701, 33.787468706101826), (153767, 2821.9911645116426)]"
E:/CHTPT_code_me/static/Train/Train5.wav,"[42.43475, 33.51227, 35.955864, 39.03751, 38.436768, 41.200474, 38.912758]","[15.169960676237594, 7.807593394647396, 14.92337306429233, 11.400928889911267, 13.467225891404919, 11.770357621744985, 13.862476678886672]","[56.40362811791383, 46.64852607709751, 53.28344671201814, 49.156462585034014, 49.147392290249435, 49.40136054421769, 49.654667495983]","[(592, 3730.6796219846537), (23513, 37.89038595004042), (49821, 16.498726971145018), (66986, 7.560675942512866), (104529, 16.498726971145054), (130837, 37.890385950040454), (153758, 3730.6796219846537)]"
E:/CHTPT_code_me/static/Train/Train6.wav,"[41.17749, 38.554855, 40.51779, 39.217426, 36.719975, 39.904224, 39.68167]","[11.183107547938477, 12.893136270577088, 11.810564469279987, 13.780669262632728, 12.762828350033876, 12.592593449655743, 15.440596120953117]","[49.156462585034014, 49.147392290249435, 49.40136054421769, 49.51020408163266, 45.0702947845805, 52.74829931972789, 49.354040325506666]","[(584, 3722.849223408084), (23681, 39.55501581833488), (48064, 13.615980056057525), (67323, 5.869556503881109), (106286, 13.61598005605755), (130669, 39.55501581833484), (153766, 3722.8492234080836)]"
E:/CHTPT_code_me/static/Train/Train7.wav,"[39.816715, 37.22576, 39.82834, 38.304165, 39.483295, 36.067204, 38.451656]","[15.530706130964465, 12.9410838835784, 11.068717777795557, 14.071529018803544, 11.348558617534028, 13.697605722007298, 11.66570524334193]","[49.51020408163266, 45.0702947845805, 52.74829931972789, 53.54648526077098, 49.06122448979592, 50.249433106575964, 50.04017000984813]","[(584, 3639.10178363253), (23677, 40.04410616390992), (46005, 11.850049541391732), (87950, 6.205590147934914), (108345, 11.85004954139171), (130673, 40.04410616390992), (153766, 3639.10178363253)]"
E:/CHTPT_code_me/static/Train/Train8.wav,"[38.768986, 39.446266, 35.009983, 39.568806, 39.453564, 36.452988, 38.4364]","[14.795148045604313, 10.627564219092685, 13.857153826393187, 13.15713530029392, 11.549830987184707, 12.175959431832391, 11.914540035788724]","[53.54648526077098, 49.06122448979592, 50.249433106575964, 53.605442176870746, 47.578231292517, 47.04761904761905, 48.90893070025398]","[(588, 3306.3711580645913), (24426, 37.858246466861836), (50868, 12.087053530553842), (88119, 5.902230404953973), (103482, 12.087053530553831), (129924, 37.858246466861836), (153762, 3306.3711580645922)]"
E:/CHTPT_code_me/static/Train/Train9.wav,"[40.358902, 39.29406, 35.60063, 40.088444, 35.815296, 38.978294, 36.140778]","[13.710416846930288, 11.740205957487758, 11.5901720183458, 12.284307943523995, 12.931585764246327, 9.699441813392609, 17.19421928726314]","[53.605442176870746, 47.578231292517, 47.04761904761905, 47.65079365079365, 51.80045351473923, 49.238095238095234, 48.104234696522056]","[(588, 5384.177749298197), (23454, 44.62729817296794), (49380, 13.266431999008411), (66552, 5.515345815697911), (104970, 13.26643199900839), (130896, 44.627298172967954), (153762, 5384.177749298197)]"
